source_file,n_events,quality_score,richness_score,unique_event_types,behavioral_entropy,high_signal_ratio,class
benign_com.arsenal.geosuper.json,289.0,0.8115,0.8115,9.0,1.7368610066365735,0.0034602076124567,benign
benign_com.alexandrucene.dayhistory.json,261.0,0.8052,0.8052,9.0,1.7249191719945036,0.003831417624521,benign
benign_com.bestweatherfor.bibleoffline_pt_ra.json,499.0,0.8027,0.8027,8.0,1.499694601831966,0.002004008016032,benign
benign_com.whtm.android.weather.json,360.0,0.802,0.802,8.0,1.7755815111413915,0.0027777777777777,benign
benign_cc.pacer.androidapp.json,346.0,0.7961,0.7961,8.0,1.6800484645364957,0.0028901734104046,benign
benign_com.aa2.generaladaptiveapps.json,384.0,0.793,0.793,8.0,1.5188963701359413,0.0026041666666666,benign
benign_com.armobi.recipes.json,337.0,0.7893,0.7893,8.0,1.552258316925803,0.0029673590504451,benign
benign_com.blackbirdwallpapers.hdlivewallpapers.json,294.0,0.784,0.784,8.0,1.5735361883494392,0.0034013605442176,benign
benign_com.andromo.dev128364.app130670.json,320.0,0.7784,0.7784,8.0,1.3578351800430477,0.003125,benign
benign_codematics.universal.tv.remote.control.json,336.0,0.7761,0.7761,8.0,1.4840502768182535,0.0029761904761904,benign
benign_andrewgilman.dartsscoreboard.json,205.0,0.7696,0.7696,8.0,1.7629175115084637,0.0048780487804878,benign
benign_co.brainly.json,201.0,0.7607,0.7607,7.0,1.9313530597730528,0.0,benign
benign_com.aleskovacic.messenger.json,227.0,0.7592,0.7592,8.0,1.6414712167713608,0.0044052863436123,benign
benign_bbc.mobile.news.ww.json,163.0,0.7538,0.7538,7.0,2.183882236594492,0.0,benign
benign_baby.com.BabyBigMouth.json,245.0,0.7503,0.7503,8.0,1.6358773339180483,0.0040816326530612,benign
benign_app.WTInfoTech.WorldAroundMeLite.json,294.0,0.7481,0.7481,8.0,1.4850070726833988,0.0034013605442176,benign
benign_com.aandrill.president.json,286.0,0.7474,0.7474,8.0,1.3239052708024903,0.0034965034965034,benign
benign_com.bktranslator.enlishjapanese.json,200.0,0.7458,0.7458,8.0,1.5380317227087412,0.005,benign
benign_com.amazon.mShop.android.shopping.json,188.0,0.745,0.745,7.0,2.010519715719923,0.0,benign
benign_com.ubercab.json,268.0,0.7437,0.7437,7.0,1.7422188680267077,0.0,benign
benign_com.blackraveninteractive.city.bridal.limo.car.simulator.json,312.0,0.7432,0.7432,8.0,1.3341699649949457,0.0032051282051282,benign
benign_com.chestclash.royalsimulator.json,202.0,0.7408,0.7408,8.0,1.437724996850238,0.0049504950495049,benign
benign_ca.autotrader.userapp.json,222.0,0.7355,0.7355,6.0,1.94822937783018,0.0,benign
benign_com.bigapps.xperror.json,174.0,0.7349,0.7349,8.0,1.5633495289421933,0.0057471264367816,benign
benign_anton.kets.despicableme.json,285.0,0.7323,0.7323,7.0,1.4341582222865044,0.0,benign
benign_com.andrwq.recorder.json,204.0,0.7307,0.7307,8.0,1.4684787974438709,0.0049019607843137,benign
benign_com.candl.athena.json,431.0,0.7299,0.7299,7.0,1.124794684621699,0.0023201856148491,benign
benign_com.urbanclap.urbanclap.json,313.0,0.7289,0.7289,6.0,1.4971375055804652,0.0,benign
benign_com.baloota.dumpster.json,293.0,0.7283,0.7283,7.0,1.5427732547157902,0.0,benign
benign_com.aos.clean.security.android.boost.json,204.0,0.7278,0.7278,7.0,1.9703059166489816,0.0,benign
benign_com.keyideas.indianrailways.json,474.0,0.7264,0.7264,8.0,1.6269294448771163,0.0021097046413502,benign
benign_com.apptoide.free.json,184.0,0.7251,0.7251,7.0,1.7895471803809175,0.0,benign
benign_com.blackbirdwallpapers.inkinwater.json,214.0,0.7248,0.7248,8.0,1.4929811967039843,0.0046728971962616,benign
benign_baby.com.kidsToysReview.json,183.0,0.7235,0.7235,9.0,1.4656624836323304,0.0054644808743169,benign
benign_com.apalon.ringtones.json,246.0,0.7208,0.7208,6.0,1.5325821152859944,0.0,benign
benign_com.chatous.plaza.json,214.0,0.7198,0.7198,6.0,1.8551683164658,0.0,benign
benign_com.cardinalblue.piccollage.google.json,250.0,0.7191,0.7191,6.0,1.5664402255245211,0.0,benign
benign_ca.weddingwire.launcher.json,195.0,0.7183,0.7183,6.0,1.909602875562106,0.0,benign
benign_baby.com.DisneyCarToys.json,186.0,0.7181,0.7181,9.0,1.5047176444141632,0.0053763440860215,benign
benign_business.card.maker.scopic.json,331.0,0.7175,0.7175,8.0,1.5284300804326767,0.0030211480362537,benign
benign_com.bookmark.money.json,311.0,0.7161,0.7161,8.0,1.3998980289066565,0.0032154340836012,benign
benign_com.alaskaairlines.android.json,105.0,0.7159,0.7159,7.0,2.0922994042641903,0.0,benign
benign_ch.smalltech.battery.free.json,173.0,0.7158,0.7158,7.0,1.5841027601167923,0.0057803468208092,benign
benign_baby.com.ToysToSee.json,183.0,0.7126,0.7126,8.0,1.4385269524648792,0.0054644808743169,benign
benign_cm.theme.wallpaper.hola.launcher.json,741.0,0.7111,0.7111,6.0,0.688162204150254,0.0,benign
benign_co.gradeup.android.json,177.0,0.7102,0.7102,6.0,1.839987451832458,0.0,benign
benign_aussie.rules.live.json,282.0,0.708,0.708,5.0,1.791401258168288,0.0,benign
benign_cn.wps.moffice_eng.json,177.0,0.7075,0.7075,8.0,1.4977483006138226,0.0,benign
benign_com.AquariumLiveWallpapernn.json,284.0,0.7069,0.7069,8.0,1.303288416469642,0.0035211267605633,benign
benign_com.ap.leb.json,196.0,0.7068,0.7068,9.0,1.4937635203098645,0.0051020408163265,benign
benign_biz.bookdesign.librivox.json,200.0,0.7059,0.7059,9.0,1.4636849980970927,0.005,benign
benign_com.trulia.android.rentals.json,433.0,0.7052,0.7052,5.0,1.349354753113325,0.0,benign
benign_com.classdojo.android.json,266.0,0.7029,0.7029,6.0,1.2878654669438376,0.0,benign
benign_bible.bibleverse.biblia.bibleverses.scripture.holywrit.verse.devotion.json,149.0,0.7017,0.7017,7.0,2.0307821712664578,0.0,benign
benign_com.balleight.pool.guide.json,119.0,0.6999,0.6999,7.0,1.903316614408337,0.0,benign
benign_com.apalon.optimizer.json,225.0,0.6987,0.6987,6.0,1.279988123816397,0.0,benign
benign_com.tul.aviate.json,204.0,0.6962,0.6962,7.0,1.6344412804265964,0.0,benign
benign_ba.lum.tribalrivals.arabic.json,269.0,0.6937,0.6937,5.0,1.5470145398759438,0.0,benign
benign_com.aequus.electronic_engineering.json,170.0,0.6932,0.6932,8.0,1.5657749468891022,0.0058823529411764,benign
benign_com.twoo.json,204.0,0.6895,0.6895,7.0,1.472636026222501,0.0,benign
benign_com.vooapps.hypnose1.json,186.0,0.6865,0.6865,8.0,1.5473420371864286,0.0053763440860215,benign
benign_com.ap.lhc.json,195.0,0.6844,0.6844,8.0,1.45499452161706,0.0051282051282051,benign
benign_ca.save.m.json,86.0,0.6836,0.6836,7.0,1.637526992827598,0.0,benign
benign_com.trulia.android.json,193.0,0.6809,0.6809,5.0,1.7092412009113531,0.0,benign
benign_com.allmyelegance.GlitterWallpapers.json,192.0,0.68,0.68,9.0,1.417839170833869,0.0052083333333333,benign
benign_com.airbnb.android.json,123.0,0.6775,0.6775,5.0,1.941146023723999,0.0,benign
benign_com.aggrego.loop.json,190.0,0.6762,0.6762,5.0,1.566763028393468,0.0,benign
benign_com.tubitv.json,199.0,0.6751,0.6751,5.0,1.8101171750181717,0.0,benign
benign_com.Best.guidecandycrushsodasaga.json,191.0,0.6748,0.6748,8.0,1.491292898728643,0.0052356020942408,benign
benign_com.kayak.android.json,139.0,0.6743,0.6743,6.0,1.6742258998822277,0.0,benign
benign_com.amctv.thewalkingdead.deadyourself.json,335.0,0.6742,0.6742,6.0,0.6704267763351812,0.0,benign
benign_com.clean.security.memory.booster.battery.json,137.0,0.6728,0.6728,7.0,1.8711919203113805,0.0,benign
benign_com.AngleApp.HappyValentinesWishes.json,210.0,0.6726,0.6726,8.0,1.3030378695402645,0.0047619047619047,benign
benign_all.newspapers.fi.json,141.0,0.6724,0.6724,8.0,1.4976558004443778,0.0070921985815602,benign
benign__com.citybeetles.therealtruth.json,148.0,0.6704,0.6704,7.0,1.510151760972959,0.0,benign
benign_com.andromo.dev130378.app163255.json,196.0,0.6691,0.6691,8.0,1.365601163659466,0.0051020408163265,benign
benign_com.androdiki.flygpsplus.json,226.0,0.6675,0.6675,8.0,1.3402034834195502,0.0044247787610619,benign
benign_com.awe.dev.pro.tv.json,203.0,0.6651,0.6651,8.0,1.4354573903785457,0.0049261083743842,benign
benign_com.AngleApp.HappyValentineDayWish.json,195.0,0.6646,0.6646,8.0,1.2732971274969338,0.0051282051282051,benign
benign__com.citybeetles.sportsitalia.json,86.0,0.6644,0.6644,7.0,2.0253374683981518,0.0,benign
benign_com.alidevebakan.alihdcamerapro.json,353.0,0.6626,0.6626,7.0,1.1628532725581808,0.0028328611898017,benign
benign__com.mobo.genius.market.json,215.0,0.6604,0.6604,8.0,1.42243974091316,0.0,benign
benign_com.CicmilicValentinesDayCards.json,171.0,0.66,0.66,7.0,1.5062161533115288,0.0058479532163742,benign
benign_com.andromo.dev128364.app129234.json,333.0,0.6599,0.6599,7.0,1.197810556709187,0.003003003003003,benign
benign_com.tuenti.messenger.json,112.0,0.6594,0.6594,6.0,1.941410861195063,0.0,benign
benign_chat.lesbiandating.json,166.0,0.6593,0.6593,8.0,1.4062802063352122,0.0060240963855421,benign
benign_com.AngleApp.ValentinesMessages.json,171.0,0.6589,0.6589,8.0,1.3541519564388669,0.0058479532163742,benign
benign_com.amsapps.quranabdulrahmanalsudais.json,163.0,0.658,0.658,8.0,1.415469164086555,0.0061349693251533,benign
benign_com.berrybongobrother.donaldtrumpsoundboard.json,176.0,0.6572,0.6572,8.0,1.4757557555248777,0.0056818181818181,benign
benign_br.com.brainweb.ifood.json,164.0,0.6561,0.6561,6.0,1.5114615600206638,0.0,benign
benign_app.zenly.locator.json,160.0,0.656,0.656,5.0,1.3673239466352471,0.0,benign
benign__com.citybeetles.sportselsalvador.json,140.0,0.6557,0.6557,7.0,1.5148323767989775,0.0,benign
benign__com.citybeetles.newsottawa.json,74.0,0.6541,0.6541,7.0,2.033503968380563,0.0,benign
benign_com.alifesoftware.stocktrainer.json,120.0,0.6541,0.6541,7.0,1.7276171162344591,0.0,benign
benign_com.ubercab.eats.json,279.0,0.6525,0.6525,7.0,1.175347600150923,0.0,benign
benign_com.amikulich.babysleep.json,167.0,0.6522,0.6522,8.0,1.4650601177483062,0.0059880239520958,benign
benign_com.app2game.romantic.photo.frames.json,320.0,0.6518,0.6518,7.0,1.0830866277019124,0.003125,benign
benign_com.akosha.directtalk.json,118.0,0.6509,0.6509,6.0,1.724792452710458,0.0,benign
benign_app.qrcode.json,163.0,0.6507,0.6507,6.0,1.6765841649165871,0.0,benign
benign_air.com.kalegu.dollhousedecoraion.json,628.0,0.6505,0.6505,7.0,0.5642358014445319,0.001592356687898,benign
benign_com.androidwasabi.app.xray.json,177.0,0.6493,0.6493,8.0,1.3304740005863085,0.0056497175141242,benign
benign_air.com.cocosapps.WomenGiveBirthSixBabies.json,964.0,0.6486,0.6486,7.0,0.5220328672895056,0.0010373443983402,benign
benign_air.com.zyncstudio.WomanGivesBirthTriplets.json,964.0,0.6486,0.6486,7.0,0.5220328672895056,0.0010373443983402,benign
benign_air.net.m7g7.GrandDaughterGivesBirth.json,964.0,0.6486,0.6486,7.0,0.5220328672895056,0.0010373443983402,benign
benign_ca.indigo.json,112.0,0.6484,0.6484,5.0,1.6774124945668498,0.0,benign
benign_co.dojoapp.dojo.json,118.0,0.6476,0.6476,7.0,1.6926310848144064,0.0,benign
benign__com.jackthreads.android.json,220.0,0.647,0.647,7.0,1.4129835496964644,0.0,benign
benign_com.airgoat.goat.json,144.0,0.6467,0.6467,5.0,1.5646613419769555,0.0,benign
benign_com.wiley.jas.cei.json,106.0,0.6459,0.6459,6.0,1.7269506009820716,0.0,benign
benign__com.citybeetles.cancan.json,74.0,0.6455,0.6455,7.0,2.0848589556748904,0.0,benign
benign_com.anydo.json,142.0,0.6446,0.6446,5.0,1.5402923960496613,0.0,benign
benign_com.arabe.banatchat.mobachircamera.json,162.0,0.6436,0.6436,8.0,1.3502311181615618,0.0061728395061728,benign
benign_com.vividseats.android.json,156.0,0.643,0.643,4.0,1.3205800826569494,0.0,benign
benign__com.citybeetles.newshaiti.json,81.0,0.6418,0.6418,7.0,2.086108386548849,0.0,benign
benign_com.ki.generaladaptiveapps.json,189.0,0.6408,0.6408,8.0,1.2832922707464964,0.0052910052910052,benign
benign__com.monotype.android.font.simprosys.stylishfonts.json,186.0,0.6406,0.6406,7.0,1.621370337249679,0.0,benign
benign_air.com.stardoll.access.json,122.0,0.6405,0.6405,5.0,1.732458507446626,0.0,benign
benign_com.clashofclans.gemscoc.json,164.0,0.6385,0.6385,8.0,1.2391456345066223,0.0060975609756097,benign
benign_com.ac.photo.frames.valentines.json,232.0,0.6382,0.6382,7.0,1.321813219083166,0.0043103448275862,benign
benign_com.aafi.waqiyatparhiyeibratlijiye.json,248.0,0.6379,0.6379,7.0,1.2052976117625718,0.0040322580645161,benign
benign__com.jefit.workoutpal.json,199.0,0.6375,0.6375,7.0,1.257239322987764,0.0,benign
benign__com.citybeetles.newsmontreal.json,81.0,0.6374,0.6374,7.0,2.0068855518662185,0.0,benign
benign_com.appturbo.appoftheday2015.json,184.0,0.637,0.637,6.0,1.472906915748057,0.0,benign
benign__com.citybeetles.newsedmonton.json,74.0,0.6363,0.6363,7.0,2.1283627522812907,0.0,benign
benign_com.adamapps.tipsforspidermangames.json,220.0,0.6359,0.6359,7.0,1.3477304520737736,0.0045454545454545,benign
benign_com.adamapps.tipsforsupermario.guide.json,220.0,0.6359,0.6359,7.0,1.3477304520737736,0.0045454545454545,benign
benign_com.amaxlwps.wolves.json,227.0,0.6353,0.6353,7.0,1.2839475043688982,0.0044052863436123,benign
benign_com.weheartit.json,81.0,0.6341,0.6341,5.0,2.0217672942154543,0.0,benign
benign_com.avira.android.json,206.0,0.6337,0.6337,6.0,1.2756132537677412,0.0,benign
benign_codeadore.textgram.json,138.0,0.6336,0.6336,8.0,1.3959742857228683,0.0072463768115942,benign
benign__com.citybeetles.newscalgary.json,71.0,0.6329,0.6329,7.0,2.115477417359079,0.0,benign
benign_com.alltrails.alltrails.json,175.0,0.6328,0.6328,5.0,1.5786784745436016,0.0,benign
benign_at.mjam.json,107.0,0.6326,0.6326,5.0,1.777580206799228,0.0,benign
benign_com.alvinagomes.sixpackabsphotoeditor.json,227.0,0.6318,0.6318,7.0,1.222402545929702,0.0044052863436123,benign
benign__com.citybeetles.newstoronto.json,72.0,0.631,0.631,7.0,2.0588040932794405,0.0,benign
benign__com.citybeetles.newsvancouver.json,72.0,0.631,0.631,7.0,2.0588040932794405,0.0,benign
benign__com.citybeetles.sportscanada.json,72.0,0.631,0.631,7.0,2.0588040932794405,0.0,benign
benign_com.amitech.allevents.json,128.0,0.6309,0.6309,5.0,1.192933202985763,0.0,benign
benign_com.vitotechnology.StarWalk2Free.json,572.0,0.6307,0.6307,6.0,0.2365649793758193,0.0,benign
benign_com.bkmsofttech.WatterFallLiveWallpaper.json,217.0,0.6302,0.6302,7.0,1.2571191888839384,0.0046082949308755,benign
benign_com.cloudmosa.puffinFree.json,116.0,0.6298,0.6298,5.0,1.452607387935991,0.0,benign
benign__com.grillgames.guitarrockhero.json,204.0,0.628,0.628,7.0,1.2752834246671108,0.0,benign
benign_com.calculator.gems.coc.guide.clashofclans.json,159.0,0.6261,0.6261,7.0,1.420927236657123,0.0062893081761006,benign
benign_com.vilvilad.sketchphoto.json,188.0,0.6237,0.6237,7.0,1.334146840385431,0.0053191489361702,benign
benign_com.arrowshapes.cat.pattern.screen.lock.json,189.0,0.6236,0.6236,7.0,1.3334053029848365,0.0052910052910052,benign
benign_com.bamnetworks.mobile.android.ballpark.json,83.0,0.6218,0.6218,5.0,1.797981464105502,0.0,benign
benign__com.itunestoppodcastplayer.app.json,194.0,0.6214,0.6214,7.0,1.2501014950560163,0.0,benign
benign_com.accuweather.android.json,112.0,0.6214,0.6214,7.0,1.8336627799265155,0.0,benign
benign_com.andromo.dev540217.app558305.json,188.0,0.62,0.62,7.0,1.2744871642295448,0.0053191489361702,benign
benign_com.appsongstrolls.json,191.0,0.6199,0.6199,7.0,1.2541338229933534,0.0052356020942408,benign
benign_berkah25com.guideforroblox.guideforroblox.json,183.0,0.6197,0.6197,7.0,1.305404937340673,0.0054644808743169,benign
benign_com.uefa.euro2016.json,84.0,0.6193,0.6193,6.0,1.759270398042036,0.0,benign
benign__com.mjtq1931.worldcupschedule2015.json,182.0,0.6191,0.6191,6.0,1.5700097211024493,0.0,benign
benign_com.abs.cpu_z_advance.json,663.0,0.6187,0.6187,6.0,0.4136129666826264,0.0,benign
benign_com.cgspecialfx.newlovecollageframeshdphoto.json,187.0,0.6187,0.6187,7.0,1.262226404454022,0.0053475935828877,benign
benign_ch.protonmail.android.json,173.0,0.6185,0.6185,6.0,1.5718574963545469,0.0,benign
benign_com.alpha3hello.VV.json,183.0,0.6181,0.6181,7.0,1.275013551174258,0.0054644808743169,benign
benign__com.cheerfulinc.flipagram.json,92.0,0.6175,0.6175,7.0,2.01777775035592,0.0,benign
benign_com.al.crimsontide.android.json,322.0,0.6171,0.6171,5.0,1.2125554176958333,0.0,benign
benign_com.ancestry.android.apps.ancestry.json,59.0,0.6167,0.6167,5.0,1.9882485954399811,0.0,benign
benign__com.modiface.haircolorstudio.free.json,149.0,0.6138,0.6138,6.0,1.597913687414293,0.0,benign
benign__com.myntra.android.json,154.0,0.6134,0.6134,7.0,1.4856705933263694,0.0,benign
benign_cn.wps.moffice_i18n.json,117.0,0.612,0.612,7.0,1.4807096420876833,0.0,benign
benign_bibleverses.bibleverse.bible.biblia.verse.devotion.json,507.0,0.6116,0.8737,10.0,1.7428390909646465,0.0019723865877712,benign
benign_app.com.binauralbeatsapp.com.binauralbeats.json,164.0,0.611,0.611,7.0,1.3019103658526534,0.0060975609756097,benign
benign__com.jagbani.json,144.0,0.6106,0.6106,7.0,1.428894717089082,0.0,benign
benign_apptrends.love_photo_frames_hd_and_love_greetings.json,146.0,0.6101,0.6101,7.0,1.4236738984115314,0.0068493150684931,benign
benign_com.busuu.android.enc.json,105.0,0.6088,0.6088,5.0,1.6732434538348544,0.0,benign
benign_com.vestedfinance.student.json,102.0,0.6085,0.6085,5.0,1.6943957057374175,0.0,benign
benign_com.asdhillon.admin.gymapplication.json,161.0,0.6084,0.6084,7.0,1.270934812254794,0.0062111801242236,benign
benign_com.amaxlwps.coralfish.json,152.0,0.6079,0.6079,7.0,1.3468055437450452,0.006578947368421,benign
benign_com.abnamro.nl.mobile.payments.json,64.0,0.606,0.606,5.0,1.7637169894067652,0.0,benign
benign__com.joeykrim.rootcheck.json,119.0,0.6054,0.6054,7.0,1.3442684720796914,0.0,benign
benign_com.appyown.valentinephotoframes.json,163.0,0.6052,0.6052,7.0,1.1927855487201593,0.0061349693251533,benign
benign_ali.coupon.code.sale.all.json,79.0,0.6051,0.6051,7.0,1.6240011976319997,0.0,benign
benign_com.appsgoof.sparklywallpaper.json,160.0,0.6043,0.6043,7.0,1.2031140309846793,0.00625,benign
benign_com.als.usagetimelines.json,143.0,0.6026,0.6026,7.0,1.3387117005634526,0.0069930069930069,benign
benign_com.appspot.scruffapp.json,72.0,0.6023,0.6023,6.0,1.8793023496345629,0.0,benign
benign_com.abaenglish.videoclass.json,230.0,0.6015,0.6015,5.0,0.9977018497095608,0.0,benign
benign_com.amdroidalarmclock.amdroid.json,171.0,0.6005,0.6005,5.0,1.465809904020932,0.0,benign
benign_com.unearby.sayhi.json,161.0,0.6005,0.6005,6.0,1.3943229916169346,0.0,benign
benign_ch.sbb.mobile.android.preview.json,196.0,0.5991,0.5991,5.0,1.4495320790801878,0.0,benign
benign_br.com.grubster.android.json,122.0,0.5984,0.5984,6.0,1.6230469827700198,0.0,benign
benign__com.musicmaniac.music.player.json,120.0,0.5981,0.5981,7.0,1.5029232501508456,0.0,benign
benign_com.twenty_four_option_app.json,335.0,0.5978,0.854,9.0,1.882766834423864,0.0149253731343283,benign
benign_br.com.mobicare.oiwifi.json,97.0,0.5975,0.5975,6.0,1.60378072946565,0.0,benign
benign_com.abbyy.mobile.lingvo.market.json,86.0,0.5966,0.5966,6.0,1.5645014169412563,0.0,benign
benign_com.a0soft.gphone.app2sd.json,231.0,0.5965,0.5965,6.0,0.9378530271263034,0.0,benign
benign__com.monotype.android.font.allthefontsfreeforyou.fiftypencilfontstyle.json,146.0,0.5953,0.5953,7.0,1.0545954552207586,0.0,benign
benign__com.ChatFriendforKiK.json,118.0,0.593,0.593,7.0,1.432400260737703,0.0,benign
benign__com.greenowl.traffic1130.android.json,104.0,0.5918,0.5918,7.0,1.8460430702701132,0.0,benign
benign__com.cca.pedometer.countstep.lite.json,126.0,0.5902,0.5902,6.0,1.5049480816313117,0.0,benign
benign_co.bitx.android.wallet.json,91.0,0.5899,0.5899,5.0,1.6923432340769262,0.0,benign
benign_com.aemobile.games.farmdozer.json,482.0,0.5895,0.8422,9.0,1.7404758653168182,0.0020746887966804,benign
benign_br.com.easytaxi.json,91.0,0.589,0.589,5.0,1.7065097547127877,0.0,benign
benign_com.wakie.android.json,99.0,0.5883,0.5883,6.0,1.6194252456785905,0.0,benign
benign_com.allproperty.android.consumer.my.json,44.0,0.5872,0.5872,6.0,2.125721534069137,0.0,benign
benign__com.MMgems.spongeruncoins.json,154.0,0.5867,0.5867,6.0,1.2533546619922888,0.0,benign
benign_com.alibaba.aliexpresshd.json,486.0,0.5854,0.8363,9.0,1.492926374839864,0.0061728395061728,benign
benign_co.gotitapp.android.json,129.0,0.5846,0.5846,5.0,1.550666432552349,0.0,benign
benign__com.gtp.nextlauncher.trial.json,316.0,0.5842,0.5842,6.0,0.7207929832618922,0.0,benign
benign__com.music.player.mp3player.white.json,141.0,0.584,0.584,6.0,1.0948471841806755,0.0,benign
benign__com.ccloud.screenlockemoticon.json,115.0,0.5837,0.5837,6.0,1.482744091247728,0.0,benign
benign_au.com.penguinapps.android.babyphone.json,415.0,0.5816,0.8309,9.0,1.844659661459836,0.0024096385542168,benign
benign__com.mobilerise.mystreetview.json,109.0,0.5811,0.5811,7.0,1.2582608050446773,0.0,benign
benign__com.movieringtones.json,111.0,0.5806,0.5806,6.0,1.5137622642568132,0.0,benign
benign__com.medialook.originaldjmixer.json,117.0,0.5803,0.5803,6.0,1.3747112111428883,0.0,benign
benign__com.mobtopus.magiceffectsfree.json,116.0,0.58,0.58,6.0,1.38798898217079,0.0,benign
benign_be.ibad.villobrussels.json,127.0,0.5799,0.5799,5.0,1.3472635719812656,0.0,benign
benign__com.natenai.glowhockey.json,128.0,0.5787,0.5787,6.0,1.4541000877140045,0.0,benign
benign_com.app.copticreader.json,423.0,0.5776,0.5776,5.0,0.5380892540540082,0.0,benign
benign_ca.honeygarlic.garibaldi.json,321.0,0.5762,0.5762,5.0,0.4337247627235257,0.0,benign
benign__com.mn2square.slowmotionplayer.json,126.0,0.5754,0.5754,6.0,1.0968809527783987,0.0,benign
benign__com.miniloft.worldcup.json,124.0,0.5747,0.5747,6.0,1.1079402059310837,0.0,benign
benign_com.wate.weather.json,370.0,0.5747,0.821,9.0,1.7288963069779604,0.0027027027027027,benign
benign_com.bitmisrow.legobatman.json,413.0,0.5743,0.8204,9.0,1.6169917924011576,0.0024213075060532,benign
benign_com.buzzfeed.android.json,90.0,0.5742,0.5742,5.0,1.4262941625767096,0.0,benign
benign_com.c51.json,53.0,0.5739,0.5739,6.0,1.694562438570078,0.0,benign
benign__com.joelapenna.foursquared.json,81.0,0.5738,0.5738,7.0,1.7327548323869946,0.0,benign
benign_com.aadhk.woinvoice.json,95.0,0.5738,0.5738,5.0,1.4832688512821817,0.0,benign
benign_career.money.horoscope.json,565.0,0.5737,0.8196,8.0,1.8729332948408943,0.0017699115044247,benign
benign_com.aa.generaladaptiveapps.json,632.0,0.5717,0.8167,8.0,1.8088038476459996,0.0015822784810126,benign
benign_com.access_company.android.nfcommunicator.json,118.0,0.571,0.571,6.0,1.641031704205167,0.0,benign
benign_com.voopter.json,70.0,0.5708,0.5708,5.0,2.051638429323519,0.0,benign
benign_com.alibaba.intl.android.apps.poseidon.json,654.0,0.5706,0.8151,8.0,1.5520638223994536,0.0030581039755351,benign
benign__com.burakkal.simpleiptv.json,104.0,0.5697,0.5697,6.0,1.315669224295135,0.0,benign
benign_br.uol.noticias.json,407.0,0.5683,0.8118,8.0,1.8816476939954327,0.0024570024570024,benign
benign_com.appswiz.alwaaha.json,69.0,0.5681,0.5681,6.0,1.4803159242651265,0.0,benign
benign_com.bravolang.phrasebook.json,900.0,0.5677,0.5677,4.0,0.1705819929171989,0.0,benign
benign__com.jsdev.instasize.json,124.0,0.5673,0.5673,6.0,1.2752842147198735,0.0,benign
benign__com.groupme.android.json,125.0,0.5669,0.5669,6.0,1.5127343549176302,0.0,benign
benign_at.nerbrothers.SuperJump.json,265.0,0.5659,0.8084,9.0,1.7561232101663868,0.0037735849056603,benign
benign_com.bigduckgames.flow.json,223.0,0.5658,0.8083,9.0,1.784265732550275,0.0044843049327354,benign
benign__com.mjc.mediaplayer.json,104.0,0.5646,0.5646,6.0,1.2008858956160022,0.0,benign
benign_com.arcadegame.games.bingo.holiday.free.slots.bash.json,63.0,0.5639,0.5639,4.0,1.6643265739117112,0.0,benign
benign_aviaseller.su.json,81.0,0.5638,0.5638,6.0,1.7813208194104575,0.0,benign
benign__com.groceryking.freeapp.json,78.0,0.5625,0.5625,7.0,1.3494527852677474,0.0,benign
benign_com.andromo.dev137436.app238755.json,396.0,0.5616,0.8023,8.0,1.6965097685597863,0.0025252525252525,benign
benign__com.naresdeloper.superwallpapers.json,96.0,0.5603,0.5603,6.0,1.2415342518152637,0.0,benign
benign_com.tebakgambar.json,470.0,0.5602,0.8003,8.0,1.5009631265843373,0.002127659574468,benign
benign__com.mobirix.slideking.json,119.0,0.56,0.56,6.0,1.0869668147744929,0.0,benign
benign__com.chatterbox.android.stud_detector.json,95.0,0.5598,0.5598,6.0,1.248876578181923,0.0,benign
benign_cm.confide.android.json,87.0,0.5598,0.5598,5.0,1.6411301442179482,0.0,benign
benign_com.antivirus.json,401.0,0.5597,0.5597,4.0,0.6325007029362892,0.0,benign
benign_com.chartmobi.chartmobi_canada.json,65.0,0.5588,0.5588,5.0,1.4700837646150864,0.0,benign
benign_com.airsenze.bchighways.json,66.0,0.5586,0.5586,6.0,1.5264381874249275,0.0,benign
benign_com.airmiles.loadandgo.json,90.0,0.5583,0.5583,5.0,1.6099036698626752,0.0,benign
benign__com.chatous.chatous.json,87.0,0.558,0.558,6.0,1.3935603042153526,0.0,benign
benign_com.cf.flightsearch.json,83.0,0.5578,0.5578,5.0,1.607441402348687,0.0,benign
benign_com.brakefield.painter.json,361.0,0.5573,0.5573,4.0,0.7320339789574407,0.0,benign
benign_com.buymeapie.bmap.json,77.0,0.557,0.557,5.0,1.7045832461883272,0.0,benign
benign__com.jiubang.goscreenlock.json,274.0,0.5564,0.5564,4.0,1.118191353372291,0.0,benign
benign_aplicacion.tiempo.json,76.0,0.5559,0.5559,6.0,1.3581310798274673,0.0,benign
benign__com.myrapps.musictheory.json,85.0,0.554,0.554,6.0,1.3122873993784412,0.0,benign
benign_com.allproperty.android.consumer.sg.json,49.0,0.5515,0.5515,5.0,1.8979217421411343,0.0,benign
benign__com.montrealcanadiens.Canadiens.json,74.0,0.5492,0.5492,6.0,1.80209825482,0.0,benign
benign_com.airmiles.json,94.0,0.5478,0.5478,5.0,1.4708662194242348,0.0,benign
benign_com.venticake.retrica.json,54.0,0.5478,0.5478,6.0,2.171892991574058,0.0,benign
benign_com.allproperty.android.consumer.id.json,57.0,0.5477,0.5477,5.0,1.8409500917654864,0.0,benign
benign_com.acmeaom.android.myradar.json,1191.0,0.5476,0.7823,8.0,1.0472757805875084,0.0008396305625524,benign
benign_com.airwaysnews.airwaysmagazine.json,67.0,0.5471,0.5471,4.0,1.590923224566794,0.0,benign
benign_com.appcom.hikster.json,75.0,0.5428,0.5428,5.0,1.5853094425995458,0.0,benign
benign_com.areyouinterested.android.json,70.0,0.5396,0.5396,6.0,1.4946579987956572,0.0142857142857142,benign
benign_be.thomashermine.prochainbus.json,34.0,0.5377,0.5377,6.0,2.266480400125781,0.0,benign
benign_cdff.mobileapp.json,521.0,0.5377,0.7681,7.0,1.1747789506481172,0.0019193857965451,benign
benign_com.box.android.json,86.0,0.537,0.537,6.0,1.4502154399930065,0.0,benign
benign_com.alpinereplay.android.json,106.0,0.5354,0.5354,5.0,1.463360411481453,0.0,benign
benign_com.wilysis.cellinfolite.json,118.0,0.5343,0.5343,5.0,1.266133665204857,0.0084745762711864,benign
benign_com.appswiz.papersplease.json,61.0,0.5339,0.5339,6.0,1.3341059561911586,0.0,benign
benign_com.asiainno.uplive.json,178.0,0.5328,0.7612,7.0,1.828725105001219,0.0056179775280898,benign
benign_ata.squid.pimd.json,73.0,0.5321,0.5321,6.0,1.4831927122763606,0.0,benign
benign_air.com.badviking.BadEggsOnline2.json,1045.0,0.5319,0.5319,4.0,0.0419874357867204,0.0,benign
benign_com.anvilgard.moonknight.json,168.0,0.5317,0.5317,6.0,0.5466987006121101,0.0,benign
benign_com.withings.wiscale2.json,67.0,0.5307,0.5307,5.0,1.6959142501788949,0.0,benign
benign_com.avg.cleaner.json,220.0,0.53,0.53,5.0,0.5325099430058062,0.0,benign
benign_com.avast.android.mobilesecurity.json,200.0,0.5277,0.7539,8.0,1.7716685691295475,0.01,benign
benign__com.netcosports.andtvasecondscreen.json,45.0,0.5276,0.5276,6.0,2.0681004476248,0.0,benign
benign__com.checkpoint.ZoneAlarm.Capsule.json,350.0,0.5253,0.5253,4.0,0.2117767938340251,0.0,benign
benign__com.momdeveloper.octonautsvideos.json,193.0,0.5221,0.5221,4.0,0.6686454019266439,0.0,benign
benign_com.audiobooks.androidapp.json,717.0,0.5218,0.7454,6.0,1.6698957579079912,0.0,benign
benign_app.fastfacebook.com.json,61.0,0.5216,0.5216,6.0,1.339198813323172,0.0,benign
benign_br.com.curriculum.json,86.0,0.5214,0.5214,5.0,0.8788638971775063,0.0,benign
benign_com.athan.json,69.0,0.5213,0.5213,5.0,1.6154166398823648,0.0,benign
benign_com.atlasappco.draftkingsdailyfootball.json,67.0,0.5208,0.5208,6.0,1.4978716800785905,0.0,benign
benign_com.whitbread.thehub.json,99.0,0.5204,0.7434,7.0,2.3692441606965127,0.0,benign
benign__com.car2go.json,55.0,0.5203,0.5203,6.0,1.5551634313517482,0.0,benign
benign_com.appswiz.kodisetup.json,60.0,0.5203,0.5203,6.0,1.3343460908800353,0.0,benign
benign_br.com.dafiti.json,452.0,0.5189,0.7413,6.0,1.4460362319285147,0.0,benign
benign_CN.MyPrivateMessages.json,76.0,0.518,0.518,5.0,0.9980030589671424,0.0,benign
benign_com.bitdefender.security.json,128.0,0.518,0.518,4.0,1.111120674421893,0.0,benign
benign_com.vsl.marketingmanagement.json,68.0,0.5163,0.5163,5.0,1.2965300133969715,0.0147058823529411,benign
benign_com.a0soft.gphone.bfont.json,46.0,0.5162,0.5162,6.0,1.584654867004188,0.0,benign
benign__com.byolegs.couponmichaels.json,45.0,0.516,0.516,5.0,1.7508272854769076,0.0,benign
benign_com.adobe.reader.json,68.0,0.515,0.515,4.0,1.479942314138377,0.0,benign
benign_com.asos.app.json,679.0,0.5148,0.7354,7.0,1.0041934374903456,0.0,benign
benign_com.app.kitchenjukebox.json,103.0,0.5142,0.5142,6.0,0.6777951200452534,0.0,benign
benign_air.HavenACi.json,487.0,0.5131,0.5131,3.0,0.0925263243718596,0.0,benign
benign_com.acstech.thecityv1.json,46.0,0.5127,0.5127,5.0,1.9647719296413804,0.0,benign
benign_air.com.bxapps.CleaningKidsBedroom.json,503.0,0.5126,0.5126,3.0,0.0581280245350627,0.0,benign
benign_air.com.bxapps.SantaGiftsForBaby.json,503.0,0.5126,0.5126,3.0,0.0581280245350627,0.0,benign
malware_284c582865eae7a7f23f7788759885ef9902f4400da3112bf192978d05778786.json,134.0,0.6657,0.6657,8.0,1.1762245157935045,0.0,malware
malware_e7beae74e03701ac199503863f01b6da2745d9e0abc33e5fdf46c0b581178587.json,88.0,0.6574,0.6574,8.0,1.9993938042836423,0.0,malware
malware_f546d7b50a3aadfe27d19ffdcdbcbec5049d674d293ea3943fb9ef959d28d2c6.json,69.0,0.6486,0.6486,8.0,2.1680045242193384,0.0,malware
malware_200f9949b3d5be55d886a0e3871651daa793b301d7c1ea008b0b0d15c9d592c4.json,115.0,0.6296,0.6296,6.0,2.178211791108682,0.0,malware
malware_1c4e357a8ec5f13de4ffd57cc2711afe.json,405.0,0.6219,0.6219,7.0,0.6710752647186762,0.0,malware
malware_3d4b4968621c5f42d835447643f37105.json,191.0,0.6034,0.6034,6.0,1.3449443826171523,0.0,malware
malware_1a7128ce758fbdf8ba422585e78752f70aaeb50129a30a71bdd4ab0db7214d8f.json,39.0,0.5842,0.5842,7.0,2.0759761201199973,0.0,malware
malware_015893103a16ab984c491180a53e7319.json,88.0,0.5841,0.5841,6.0,1.9925188819242703,0.0,malware
malware_4b3b5b7d8d36301ac099b1de94f97c11.json,95.0,0.5794,0.5794,7.0,1.5389319160678143,0.0,malware
malware_fd887d0cfed2c740c847b438e20673ce57d1aef42ef0f5d43a6ab802a7bb2f25.json,48.0,0.5734,0.5734,4.0,1.2555859006715036,0.0,malware
malware_2565f2c4c32ce48554b9b2e81658ed5d5c2209c7fa4a4a69f93ecdf3cdcf5a6b.json,57.0,0.5689,0.5689,6.0,2.2090066830246045,0.0,malware
malware_0965b350a12fc8e55865501b73d6dab4cfd35c0fd283a4dc463f77867271eed4.json,90.0,0.5685,0.5685,6.0,1.549208113558257,0.0,malware
malware_58a2d00d9c8efa24f9690ee45f793831.json,134.0,0.5666,0.5666,6.0,1.4501883527887025,0.0,malware
malware_2723a6aebae7bb1cc3c146364f3226b0c29e899acf76418cad53971c51298c2c.json,79.0,0.5653,0.8076,10.0,2.262602230289565,0.0379746835443038,malware
malware_1c59152a29d6a286f0a45706b8b28ea8.json,181.0,0.5581,0.5581,5.0,1.0122921335066493,0.0,malware
malware_0dcad1b75b528e1f20b40e4ef70487534db04c4592a7f9e93183f352ed49fa21.json,60.0,0.5553,0.5553,5.0,2.2280410025899937,0.0,malware
malware_37b993b5f59bbed7538265885429e4c4.json,97.0,0.5527,0.5527,6.0,1.593716488159138,0.0,malware
malware_f21e7cb954c07e197a7accd545ace552524f76b698f058ab40b256535d8f4b7c.json,70.0,0.5496,0.5496,7.0,1.529073940498877,0.0,malware
malware_0090db3654c2bfe6925f5ace023399d9.json,56.0,0.5481,0.5481,6.0,2.2941271062602966,0.0,malware
malware_301c4b0400efbde966abf2d0bdb2458631580e1cc0d0568a0ff9e5a2e470f0be.json,83.0,0.5447,0.7782,9.0,2.0363807012655526,0.036144578313253,malware
malware_17c290bc50f76292ebb10586babb8ac0.json,54.0,0.5443,0.5443,7.0,1.445527168348644,0.0,malware
malware_2da5ac324ed6e0f53c61a97f4bf9f850ed27276daa1681d0df0a91465d456cc4.json,70.0,0.5429,0.5429,6.0,1.5508310773574432,0.0,malware
malware_090b5be26bcc4df6186124c2b47831eb96761fcf61282d63e13fa235a20c7539.json,25.0,0.5412,0.5412,7.0,2.417796811598596,0.0,malware
malware_dc531be53c6726e4279c6bbd87b8e169.json,319.0,0.5373,0.5373,3.0,1.0039726825271622,0.0,malware
malware_0a7f729ebdab6cd0eada689e829e6e6113f4c26fd9bebe83cbe461555d10ec48.json,21.0,0.5324,0.5324,7.0,2.1633347891038204,0.0,malware
malware_08d05f01671f788e9c17a9ffca0547b0.json,54.0,0.5295,0.5295,6.0,1.9714458867767537,0.0,malware
malware_258a250d3c61045208d191eb48f5a685ae446fe8762b0033eca95741d64abbf2.json,71.0,0.528,0.7543,9.0,2.0376164827149363,0.0422535211267605,malware
malware_271e59335259830aead65ce8d6fb5569a3e73cd4b2d4ac07d6a7b13db6a45152.json,57.0,0.5276,0.5276,6.0,1.6110193989909865,0.0,malware
malware_075f616abd91e226a0e4c9b9d21bedaabf5f28cbfa39231046a0036f2596759b.json,157.0,0.5247,0.5247,5.0,0.871454741073999,0.0,malware
malware_1af33fdb847c2d38096ca752a6d959087ff4d1283294ebdb9b26de67d5f66a06.json,91.0,0.5242,0.5242,6.0,1.1093195196720689,0.0,malware
malware_218d9a2760d290b22435f3dbc4a216a99c1a7f872d7ceeb96c1117109e3a9ebc.json,32.0,0.524,0.524,6.0,2.19616329959714,0.0,malware
malware_4ac1a07c7f57781c84a990686c5b4fdc5097adb713c56a0a39ac202b196135b3.json,54.0,0.5223,0.5223,5.0,1.9836402591450495,0.0,malware
malware_1722d0d1d9ba9ec974a30fd721959fb8ec43e6a53daa5e44f5181535f4d08140.json,30.0,0.518,0.518,7.0,1.5656017329967198,0.0,malware
malware_1143ad4d60ebb152d5dbabf69f3e555676e7f62c598186ac6f343cf41ec0e95b.json,59.0,0.5158,0.5158,6.0,1.4149473381977633,0.0,malware
malware_236a7aa08e0fe3793d591343d9702b68afe4a5dd1f051a66a6c9badc53611f32.json,40.0,0.5156,0.5156,6.0,1.8215883032814977,0.025,malware
malware_0238bf1c85a9bc2fb7ce389e65288a4511d0c18fe2366a0180aefa1f17c32e82 (2).json,101.0,0.5152,0.5152,5.0,1.3736472002554114,0.0,malware
malware_0306fbe880a11761c775589ed9ff7381.json,55.0,0.5127,0.5127,6.0,1.2051067602739236,0.0,malware
malware_294e0c2abee3bff557b9541c25254744d25e2333eea7d681e07c82220676a556.json,150.0,0.5121,0.5121,4.0,0.9368739505886052,0.0,malware
malware_4e1021512b9f949d56af5e883b15765b28bbf2bf6e8cd94f1e461113df41a59c.json,35.0,0.5121,0.5121,6.0,1.8479991925359969,0.0285714285714285,malware
malware_079e37a84807c6146e28f2094ffa3ec1100b8f3a039f0e44793ea4c8823955be.json,533.0,0.5118,0.5118,3.0,0.0393920323707976,0.0,malware
malware_2ff6cf239fbae1e7768bf8acb6a0f7491e1cbd9a48bb6ae5de19050de49be0f1.json,30.0,0.5094,0.5094,6.0,1.8627801778601176,0.0,malware
malware_2c5f158e2be5b0a67fe7378d6cff0d2d.json,24.0,0.508,0.508,7.0,2.301269362922251,0.0,malware
malware_1d4fcc628e65babec21985b71295cc9a.json,157.0,0.5073,0.5073,3.0,0.9680691818214971,0.0,malware
malware_0776a61fb83233ebf01affd6408343097db9febdd0df1daef8a0264aba3c49d5.json,114.0,0.5067,0.5067,5.0,0.5069288897463285,0.0,malware
malware_1f0133014fac23a55fec3f56c9a09a2f0b7d02fc8f0c6c5b703397562e57098f.json,82.0,0.5025,0.7179,8.0,2.1969118905675584,0.0,malware
malware_080b0ed2d9bf87e9f3d061a1ba48da33.json,85.0,0.5016,0.5016,5.0,1.0148769114729377,0.0,malware
malware_04441b91f143b618f0e6488241284cddad72b0b2b131bb84eed406739b6701fa.json,22.0,0.4985,0.4985,4.0,1.708098663501806,0.0,malware
malware_31ab90bce315cd8d47e9551d371fa289.json,192.0,0.4965,0.6206,6.0,1.9693855410753944,0.0,malware
malware_0611f09e59df6e2521513f366bd33347c44d77eb0020535b2d068334101ce282.json,48.0,0.4959,0.4959,5.0,1.8617348728943584,0.0,malware
malware_42d735fac7ad7576922f0027c591622f.json,450.0,0.4913,0.7018,9.0,1.2395810651922723,0.0,malware
malware_256b20b28121a28da5f01f191b41f612470f3372fe031b1b55f6ae4953901b3c.json,27.0,0.4912,0.4912,6.0,2.0504597240651767,0.0,malware
malware_2749ac3259a402ada1bece5713d06ac39704f017005c9795d7f8f01ffd087599.json,18.0,0.4912,0.4912,5.0,2.251629167387823,0.0,malware
malware_4a595d6ad083a662076b3907bcc2f5c508d63e2a7d3c0c12b4ccab98870557fd.json,43.0,0.4902,0.4902,6.0,1.238482279974987,0.0,malware
malware_00eb3d75ca5624af970482bafc3d6a73.json,25.0,0.4889,0.4889,6.0,1.8873518144449937,0.0,malware
malware_04276665aaa3725ea34097c4c874873c.json,390.0,0.4864,0.6949,8.0,1.6569200877119503,0.0,malware
malware_031429ef084d4f4780755b8dff3cd7707a4fa437326edffe8a3f2a477ef50c54 (3).json,67.0,0.4815,0.4815,5.0,1.1229634506624535,0.0,malware
malware_030423f26809f9112188c3f9e1cea201.json,231.0,0.481,0.6872,9.0,1.509101876322635,0.0,malware
malware_2594f547221a6fe312c439c475d9a1f3f07d083845c9d840d8e3d91f2a467a98.json,31.0,0.4809,0.4809,6.0,1.4826714518595374,0.0,malware
malware_02af11a4fa606940de1d4ddec4a1d567090c0df413c2a28529a9bf0253026033.json,18.0,0.4788,0.4788,6.0,2.140518056276712,0.0,malware
malware_2375950e3580a3c4a1ba7b79a3448454.json,44.0,0.4787,0.4787,5.0,1.0133617309952476,0.0,malware
malware_0b06ff04b2b072eb507d576ca1f2f27c76ab604d9e319f02628225292b5ec371.json,34.0,0.4759,0.4759,5.0,1.9259983023948,0.0,malware
malware_2848b675c748a31b37e06d52fcc095c528bc0b6efd0449abfff9d69da887f27f.json,51.0,0.4734,0.4734,5.0,1.4776944096256028,0.0,malware
malware_168aa2734efba288e4025275ab1dec3c.json,869.0,0.4732,0.676,8.0,1.0170606826503823,0.0,malware
malware_00725fec93b53efbfb3d63d609b25cd2e630c42357b4dac15ecb775ebcc65a0c.json,86.0,0.4725,0.4725,4.0,1.0368853850900934,0.0,malware
malware_0ccc7f9cade5aa4a8d462bb5ca01f1ea657739ac04be8aa40c5703a976499729.json,26.0,0.4719,0.4719,4.0,1.8473316617032447,0.0,malware
malware_02f3ddaada005263619aebdb2d2a14e0.json,173.0,0.4714,0.6735,8.0,1.2961467997418523,0.0,malware
malware_1d3406588121db18f1f9a1420ff1a516195d1eb99f82d96e8c26e8686004bb91.json,33.0,0.4713,0.4713,5.0,1.8702125063252475,0.0,malware
malware_2cb0618ef5588659620627a803d38eaebc6f355c1b0fec2e025c090a0f7857e4.json,82.0,0.471,0.6728,8.0,1.468595991568086,0.0,malware
malware_7739442c33e2da158a2d2db876e92e94.json,67.0,0.4697,0.4697,4.0,1.3292524368194611,0.0,malware
malware_0cb22e569f7c1b4fd3cf7d9b2b24bae6cb1d901ab49fa100d0aee002b680579b.json,192.0,0.4687,0.6696,8.0,1.0526097945429496,0.015625,malware
malware_216ebf8b29811eeb780709d25025490ba25b4a89fa7edd555c7604cc7a8db614.json,26.0,0.4686,0.4686,5.0,1.5851842063879111,0.0,malware
malware_11517a3faa093728a24a3b7f044bf9c2.json,1841.0,0.4656,0.6651,8.0,0.7759274801763848,0.0,malware
malware_090f717dec14c0198e6c235accee7cd0.json,6811.0,0.4654,0.6649,9.0,0.3300769941082471,0.0,malware
malware_5b6f0757e98303cf337d10b6f8c7378bdfd4de30dea624545207dd01a85b6c37.json,20.0,0.4654,0.4654,5.0,1.985475297227334,0.1,malware
malware_0804c8515a757bbdff4107c8add9ff43830aba90ebb204009a4765d68f9a6c75.json,108.0,0.4637,0.6624,6.0,1.6327833358125512,0.0,malware
malware_1c81a78958a5a89c43d17659b0a858991f91e4a1772ca7b27c00d651d835fd29.json,24.0,0.4623,0.4623,5.0,1.6117022325423542,0.0,malware
malware_0076a7acfa0d6fbcdf0dac7eee15d4ab3659972dfe554092dfaba1f246f7d6f0.json,94.0,0.4604,0.4604,4.0,0.317708227532204,0.0,malware
malware_2b3db5c3d5c519fc77da7b3ccb25b9c2.json,51.0,0.4567,0.4567,4.0,1.540678836950562,0.0,malware
malware_209d9a746c16e94e695891c1cdca8312.json,163.0,0.4516,0.6451,7.0,2.0286453574830583,0.0,malware
malware_115d5d5d454ac6707a939f26da2124e7ff89cb03765b245a6ad8afb5c1771af5.json,154.0,0.4502,0.6431,7.0,1.2254969920595389,0.0194805194805194,malware
malware_2681b0ea19336bad9a6ef2ceddd505f9dd4d0a58f967c72fea198a9bc05ec43c.json,46.0,0.4499,0.4499,4.0,1.1381570842162518,0.0,malware
malware_311b247951f1f78cad84c658c28c73ba5ccee9a0a559825b444ff687e34226f8.json,172.0,0.4494,0.642,7.0,1.525082134487772,0.0,malware
malware_0605bd630194e285d69b8dbb30944e2b85199971f5603fe7f45ac6edf1e6081a.json,32.0,0.4488,0.4488,5.0,1.6142855455904406,0.0,malware
malware_0a58fd1542cdd4d84550ec5deefed2b6.json,168.0,0.448,0.64,7.0,1.913604817081521,0.0,malware
malware_3b849210c61e270be93fde230c8f2ba67bbdc5f6c70c77ac59369859dc81b701.json,15.0,0.4472,0.4472,5.0,1.3699740752745009,0.0,malware
malware_1e071e3042dceca4a0fa92f3e89c998c.json,150.0,0.4467,0.6382,7.0,2.044789365020626,0.0,malware
malware_16848ed83702e6fbecb0abf38b63771c.json,154.0,0.4466,0.638,7.0,1.9788072854981635,0.0,malware
malware_08b82c25047da6fa928c17ae91e04c8fdf6f258919381ead6ec1ee9605c0bf6c.json,49.0,0.446,0.446,4.0,1.3661218958012482,0.0,malware
malware_257e8f0e6a348facd8ab8d659e6dc04a66eeb5fe98dd53877cda81e1728a7738.json,18.0,0.4451,0.4451,5.0,2.174583503614888,0.0,malware
malware_03259a1228e3ad616f10c2370b8c142a8d20132505fbc5cdb5137322a8a03fc6.json,46.0,0.4447,0.4447,5.0,1.1501621724162072,0.0,malware
malware_02e38abd7ed8714ba37e30e21a334648.json,144.0,0.442,0.6314,7.0,1.7991730649456534,0.0,malware
malware_04666ca199f51c24d05b61c87cf37fb934073c075cbcaaab7f3d83850a8d325c.json,20.0,0.4413,0.4413,5.0,1.923219672335508,0.0,malware
malware_005b6377f2e5c52d85d3850ee9ea10fba8287334671577a2292fd844ffc5dda1.json,22.0,0.4409,0.4409,5.0,1.85560377703983,0.0,malware
malware_092c599c136f3d890fd8f1f9aaef52408caa8f821e25f107a733e6c14784c832.json,23.0,0.4408,0.4408,5.0,1.44726249944121,0.0,malware
malware_1de6dd8784bef19d3c52a52db48ebdcf3b02a9a936546af7b77627918fe47030.json,36.0,0.4408,0.4408,5.0,1.4318347236008648,0.0,malware
malware_5a6eefd5d41b1a36fefc37e321de0c7e0731681093fc486b11a8f561f1eb6080.json,48.0,0.4405,0.4405,5.0,1.0209472931115835,0.0,malware
malware_089b72c6d0c924dcf0025b7382acd8699752a1aa9d6b913f196879b62cb46d35.json,44.0,0.4402,0.4402,5.0,0.8362214933905643,0.0,malware
malware_0429fd16534af847e75541d96295916b6be120fcf64b2ff9b55cfcb4962d9887.json,19.0,0.4393,0.4393,5.0,1.8240460500219924,0.0,malware
malware_05b33442670e460c893710b7c0dda46bde826d8067bbaba36d1ee0d5907207ac.json,366.0,0.436,0.6228,6.0,1.224491223175982,0.0,malware
malware_0cadcc99b465422299c4c1380e6f4cf06367c2515b8bbd7fbb1944638ad5ad8b.json,53.0,0.4358,0.4358,3.0,1.1154562110958917,0.0,malware
malware_0f031d8a2ed2eaf70eb6fffedb9374fe897de74958d4de77d6dac8a439fd344d.json,55.0,0.4352,0.4352,3.0,1.032706075744935,0.0,malware
malware_0054d35c7bc28a76d79e6ba7887c341f.json,16.0,0.4344,0.4344,5.0,1.7947367178034828,0.0,malware
malware_096c309aec96014fa6f7a9b2b161eda0d93753b73767260108f8a7d9fcea1ccb.json,20.0,0.434,0.434,4.0,1.739353872167201,0.0,malware
malware_0761cd545d05e11a49d760236f997f567171ac4be4bff8e3f421ba0f0f93b2e7.json,19.0,0.4336,0.4336,5.0,1.893766673801451,0.0,malware
malware_106bdad509c0ced2c83f03b8ddb511c8488c4f62af2cffb22322b09fdd2d0b75.json,33.0,0.4328,0.4328,5.0,1.4183988815820634,0.0,malware
malware_309fcb0b2bb599d5a9869ad50b670344607c8c1fada568d8336f35622910468c.json,18.0,0.43,0.43,4.0,1.612197222702993,0.0,malware
malware_287e705784fe12335e9355c20f8bc8072a7a6a87dea751ce471cce37d426e9f0.json,38.0,0.4289,0.4289,4.0,1.4089292734215362,0.0,malware
malware_095b6116a40a374b2362193f9b5cf91004b4ab74d2b815fb7440eb7895749604.json,50.0,0.4274,0.4274,4.0,0.8421167451518298,0.0,malware
malware_0880633ba23f5ad66d9f67444383f71e878661e967f0c92fe3713e53937fd734.json,49.0,0.4268,0.4268,3.0,1.043281272686637,0.0,malware
malware_02b222e277c8a44e2fe67e4e734571c0.json,26.0,0.4265,0.4265,4.0,1.7289635271341166,0.0,malware
malware_5b0076b0ca195bfd3e355d842985d02e4bbbbe1a966d9b64db5a794600528e9f.json,53.0,0.4263,0.4263,4.0,1.2696052021590245,0.0,malware
malware_0283baa21addd2197cb8de6270170db76c151dcf8d3f550be23bc87525eddf03.json,135.0,0.4248,0.6069,6.0,1.7238521952469203,0.0148148148148148,malware
malware_000aec00a2b667aaf1224974aba7ee30b4b088e073368c605ee335fb8ee11b54 (2).json,43.0,0.4245,0.4245,4.0,0.9835977640648708,0.0,malware
malware_0aacb77a43ea7d2cfcab3d9d5e27992df70949e0c5c4a2043c5ade86f31663af.json,174.0,0.4227,0.6038,6.0,0.882773110348802,0.0172413793103448,malware
malware_0abccad6ac3523c968c44dec57d7a7bd50400a55eba02dc37c7c2f6e6a759292.json,20.0,0.4227,0.4227,4.0,1.814979820516481,0.0,malware
malware_306f2d37c30c62abfae6d549811a1741f0d087e6d18213ddd927c7992e5b5808.json,18.0,0.4224,0.4224,4.0,1.612197222702993,0.0,malware
malware_4b7acc7f5fda8765a8fc6c6418e6d81f50efa29b0d37c59532778b41e91c4426.json,172.0,0.4224,0.6035,6.0,0.8904195673819199,0.0174418604651162,malware
malware_01c2f0d0c40b5c8086ee8306fa732098c1b71c5d1e7cb5e9969a8a5e14bf4b96 (2).json,40.0,0.4212,0.4212,4.0,1.0341837197791888,0.0,malware
malware_0a38aa7610cec274806a1c8c909091eaca98f0cd71796adc0c8af29f693ad253.json,147.0,0.4186,0.598,6.0,0.9795458789190457,0.0204081632653061,malware
malware_294cfb2bc890b65d7bc9135225369ab9bbd0ca81baa109f829e2c22478b4db2f.json,60.0,0.4179,0.4179,4.0,0.6149103852920057,0.0,malware
malware_6d10fd663a1d10e8ab38c781ee716860de594bcd45baef5e77b2993f6af9de7e.json,157.0,0.4179,0.597,6.0,0.902195022627264,0.019108280254777,malware
malware_072cd2d9dea3fbbb378ec4207dd75195266774b71bfaea567028d935968c2139.json,41.0,0.4178,0.4178,3.0,1.1546947117521669,0.0,malware
malware_294e81b3fef569edd092fa593ea012ff3baf86589474803e2f0cb50b1df240c4.json,26.0,0.4177,0.4177,4.0,1.7097781492858066,0.0,malware
malware_1889f7138fa8e2d3f259a3cab2acac7ac43cb61e116491f7dbfea70f27281429.json,16.0,0.4174,0.4174,5.0,1.7947367178034828,0.0,malware
malware_1058bb44f8f0b81e1e64053a7268f7cf16caec3eac3f9e6442641a5511ac954b.json,29.0,0.4168,0.4168,4.0,1.3537427557213082,0.0,malware
malware_1a7409b8e0f6cc299a4ac0b9ca67856e.json,133.0,0.4167,0.5953,6.0,1.8116873373906863,0.0,malware
malware_4b3206b49960db5937ff9ab83eade925.json,15.0,0.4134,0.4134,5.0,1.7382689280764647,0.0,malware
malware_00002d74a9faa53f5199c910b652ef09d3a7f6bd42b693755a233635c3ffb0f4.json,24.0,0.413,0.413,4.0,1.5204260414863775,0.0,malware
malware_05860afb726e1127a712f809c8b0bb7748a6215980df46567063c6153d1028a2.json,38.0,0.4125,0.4125,3.0,1.167436723286701,0.0,malware
malware_02655fb25dc0f9d00e686c83cecb75fbb07785ea734a300b8b83142d322f2c27.json,15.0,0.4122,0.4122,4.0,1.7819370635467042,0.0,malware
malware_2673a3d098821e658c2da48f06e8a614882624808a3a7a85b6459d793cc8c161.json,51.0,0.4105,0.5865,7.0,1.7509883495957037,0.0588235294117647,malware
malware_eb2ce0c84cdd45f5b0c5dbc80efe24d3fe465e88d9254cba2796a595d9eb47a2.json,32.0,0.4104,0.4104,4.0,0.7310644431995965,0.0,malware
malware_1212a826122c1c6c3de1bad933278a8a3e54cafcccbf3ae7120a14c9d63a3a96.json,16.0,0.4099,0.4099,5.0,1.496640762186858,0.0,malware
malware_0c67d0919e574a6876c73118260368ee.json,86.0,0.4078,0.5825,8.0,1.155166223392353,0.0,malware
malware_102d8191f0e306e531a3ef627a64c46e7bb45d2aa997e63d956ed5c97d65b582.json,141.0,0.4027,0.5753,6.0,0.9465688711884468,0.0,malware
malware_02985692e377d55eaa4347a77b52d789.json,21.0,0.393,0.393,4.0,1.7230913368258904,0.0,malware
malware_f5b797d25e0fec3a90eee1aff90fdcac1bed07a82c59ce65c745423e10ef2978.json,16.0,0.3854,0.3854,4.0,1.5919171866886994,0.0,malware
malware_0a0a78000e418ea28fa02e8c162c43396db6141ef8fe876db4027fef04bed663.json,18.0,0.3844,0.3844,5.0,1.208648950953065,0.0,malware
malware_3e30f2644a2e9f1b81f7f5a810e5f6ce.json,39.0,0.3835,0.3835,3.0,0.760658476840993,0.0,malware
malware_032048f2a8854acb8186e288c40815e2b7e05dade1d1dedbc3bea5fae5e1d59b (2).json,41.0,0.3784,0.3784,3.0,0.5403651258269956,0.0,malware
malware_1dd0ccbb47e46144a5e68afc619098730f561741618d89200ac9c06c460bf6e4.json,16.0,0.3762,0.3762,3.0,1.2475562489182657,0.0,malware
malware_1089f2e5cfc27903f33efde2a3cbbe196d842374b0b672156af1491450252085.json,26.0,0.3748,0.3748,3.0,1.46553604083261,0.0,malware
malware_05832e6d219af1c1a856ec370c18a7537b5bf63034f1345d063e249469dbff05 - Copy.json,8368.0,0.3718,0.5312,4.0,0.0261936306115039,0.0,malware
malware_031429ef084d4f4780755b8dff3cd7707a4fa437326edffe8a3f2a477ef50c54 (2).json,33.0,0.3708,0.4635,5.0,1.872627740558501,0.0,malware
malware_04205e4d6749cca28254aff8a36043ad47a08e4f131aaf6f8339803af5aba4f2.json,20.0,0.3692,0.3692,3.0,1.2954618442383217,0.0,malware
malware_02379aee63fe852562189d92a9a7393282814dba6d0fa0ad412565677c194fe5.json,17.0,0.3688,0.3688,4.0,1.3784188527203234,0.0,malware
malware_05417cae28f2107ba3e633b237bccb29e2521d276d1366f64ae82a649127d4ff.json,18.0,0.3637,0.3637,4.0,1.23322478822022,0.0,malware
malware_d2146aefb109777d31783a828719218b0afddccd90891c83ac4ee15e49453d98.json,16.0,0.3633,0.3633,4.0,1.3244602933016414,0.0,malware
malware_007cbb5aa78955813e47d9a7c33c2ddd7356192f1e923b10362109110f985b28.json,15.0,0.3576,0.3576,4.0,1.5546097612655667,0.0,malware
malware_033339a8a880f4f79b9cf6d26b27c4e90bf102653aade35ba660695c252cb763 (2).json,29.0,0.3428,0.3428,2.0,0.7973265101474424,0.0,malware
malware_4b6545878c603604f9e62deb5a360597139d1a3cc2ee2c1eba0a34350e639a62.json,19.0,0.3172,0.3172,3.0,0.5907239186406503,0.0,malware
malware_0127431f16c0f28fd9f3c104b20866ae733dcff4beefd67b6e1bb96c6dd932eb (3).json,19.0,0.3085,0.3085,2.0,0.7424875695421236,0.0,malware
malware_0127431f16c0f28fd9f3c104b20866ae733dcff4beefd67b6e1bb96c6dd932eb (2).json,18.0,0.3055,0.3055,2.0,0.7642045065086203,0.0,malware
malware_002ca15a26a80f025a45041df9bee5120653393c5ca41bdaca5f79ddda6d2731.json,17.0,0.3024,0.3024,2.0,0.787126586201269,0.0,malware
malware_00e756152938b434d2d41dbefdbccbcf615b639f8bdd3b1e724813649fc5b97a.json,17.0,0.2968,0.2968,2.0,0.672294817075638,0.0,malware
malware_3c2aaa09ffab7475246d84c5df8e9070322de661e3de082a66364aeb9516013d.json,20.0,0.2742,0.3428,3.0,0.747584679824574,0.05,malware
malware_115abbc8643bdd3606caef0723721648f9f74ea58c002340582c18ec7fabb46c.json,20.0,0.2631,0.3289,3.0,1.1883763717345073,0.0,malware
malware_4f03af5e7b57b895f3840aa49d694cfc85a7b901a6bc92457a9c2e5628fd3b7d.json,7.0,0.2251,0.4502,6.0,2.521640636343318,0.0,malware
malware_03004f75b75ecd89cab16fc23dcef1eb6a4b283a7a692ddb41cd39173a796ddd.json,10.0,0.2243,0.4487,5.0,2.1219280948873624,0.2,malware
malware_05832e6d219af1c1a856ec370c18a7537b5bf63034f1345d063e249469dbff05.json,9729.0,0.2123,0.5307,4.0,0.0152408848868707,0.0,malware
malware_d52869789bc7949f09a4f8bde8d43962d846e3c571f17bda1100239f0dcf75bd.json,12.0,0.2114,0.4227,4.0,1.7295739585136227,0.0,malware
malware_07205de9804606bae6613a82d24047a5b7fa8fc88c8fde4141acdf107afce443.json,6.0,0.2056,0.4113,5.0,2.251629167387823,0.0,malware
malware_05516daf397fecb6b03dfa8bd4b0a24bd60dc74556c1dfa4e46120db173c04d9.json,11.0,0.2016,0.4032,5.0,2.16264411804726,0.0,malware
malware_106e18ce5a5299c6a0b497f8ebfc0ef4ac5197d2cc21ad3581afc1d019b036d7.json,12.0,0.2003,0.4005,4.0,1.6258145836939113,0.0,malware
malware_2703ce427ad22be490f1864488cbd032427506539f78975c2331ef60af493731.json,13.0,0.1993,0.3986,5.0,1.823026490712885,0.0,malware
malware_1de012d8de8b0be0d0b27da1a0c03f52.json,9.0,0.1925,0.3851,4.0,1.8910611120726528,0.0,malware
malware_0d53592d1f7d75bb900501df2fae55062700371884742992b36d822ddbfa7c10.json,289.0,0.1847,0.6158,6.0,1.0578136069443076,0.0,malware
malware_4ab01a1515e79bcdb40edbe545410d2d45dab6b9a91a58c34dc70864f910f764.json,5.0,0.1845,0.3689,4.0,1.9219280948873625,0.0,malware
malware_1ef96d3b8e4b5d44eb4932a6da59b6da.json,9.0,0.1835,0.3669,5.0,1.879964948727111,0.0,malware
malware_05b9c3619fe68968d55bfcbad21f0b23.json,13.0,0.1817,0.3634,4.0,1.3520301017579528,0.0,malware
malware_81e95fc791f04b75c9d3d2b1f5d033e7.json,11.0,0.1812,0.3624,4.0,1.8230679822736613,0.0,malware
malware_2e7d260ab49dc3615b3bb7f9403e684f896e974eb71a47e1e1fff6fde53f6a9c.json,4.0,0.1789,0.3578,4.0,2.0,0.0,malware
malware_1eb26d8d7b8bb323a4b97279e0b16707c72434d01102fe5e8f26d6f2e4fc60fa.json,9.0,0.1776,0.3551,4.0,1.6577427265048892,0.0,malware
malware_0d8efe1c729d492bd4bf5d84e35f0d8afc3f16da78cee5f6dd71fb257a4ff375.json,5.0,0.1775,0.355,4.0,1.9219280948873625,0.2,malware
malware_6c1ed581a3843a9cbe7a864bff72cf2ad914733dc90fea105f66ab5c6e24b2c8.json,12.0,0.1731,0.3463,3.0,1.384431504340598,0.0,malware
malware_0d57e6827f5c951983f5dfe0383489483012a8122a3b41f13372ab0fa1ece4b2.json,11.0,0.173,0.346,4.0,1.4911148500551858,0.0,malware
malware_0a4d010be1742edb7cd76ffef94e7a1d4cc8c1def1ac37930403ff9f5ccc4841.json,14.0,0.1726,0.3453,4.0,1.483831706844689,0.0,malware
malware_010dd1a69a37b88083c93eabe6f539f1c1aabfc6f02c3a132dfd38a0f9cc0b4d.json,10.0,0.1725,0.345,4.0,1.6854752972273344,0.0,malware
malware_000aec00a2b667aaf1224974aba7ee30b4b088e073368c605ee335fb8ee11b54.json,9.0,0.1719,0.3437,4.0,1.8910611120726528,0.0,malware
malware_5e7116ea24dee71abac470b432a62c41e0fd680663162a486ab2b6fe25ccf367.json,8.0,0.1703,0.3406,3.0,1.061278124459133,0.0,malware
malware_6c5e4a25ac2f22c27ccf6943c06a79fe7c0d7539f770191cd53c42156efd1375.json,8.0,0.1703,0.3406,3.0,1.061278124459133,0.0,malware
malware_03021ebcf143dc222585da01d3dd3271c2a5bff9b83df5bfdad62b0821d4fe5d.json,11.0,0.1699,0.4855,6.0,2.3685225277282065,0.1818181818181818,malware
malware_6bb7e5e867db9ab63ead5f44625441cf2e82ebfc5e8925211fe0d3bb9f1625c7.json,14.0,0.1683,0.3367,4.0,1.2916919971380596,0.0,malware
malware_109c6bd767d7991313c8be07ee33798a6932255c446f1bb7944a193cdbe25435.json,10.0,0.1673,0.3346,4.0,1.3567796494470397,0.0,malware
malware_2794fa55eb3a413572a7e7a5eebe292dfc1a7dcc07459eb20605703135ac59ca.json,10.0,0.1673,0.3346,4.0,1.3567796494470397,0.0,malware
malware_04cefd50e59b9cc09e188e9652934704e430e0c884200811896b9f19a2d0f89f (2).json,10.0,0.1658,0.3315,3.0,1.370950594454669,0.0,malware
malware_0e1196f6db248defbe955adb3567b9f397d7034df282ae820482a3445126b3ec.json,9.0,0.1656,0.3313,3.0,1.2243944454059863,0.2222222222222222,malware
malware_4d25afa7cd69d097a68e82f72b64bc268dba2a2e701ef474498decc991c7c631.json,8.0,0.1626,0.3253,4.0,1.5487949406953987,0.0,malware
malware_1a6eab7810fa72bda79f5fb38c83874ce38df7e0e7b0d19824f191f3260cd21a.json,14.0,0.1619,0.3238,4.0,1.089230078842585,0.0,malware
malware_ece76e88fe8ae47beb529f0546c3c8d360d40c50e7b7aa3c6a783b8b53e3c79c.json,13.0,0.1609,0.3218,3.0,0.9912642605354288,0.0,malware
malware_d3ff6a5e9f69bedd67c09e31ed94a1bd.json,315.0,0.1608,0.5361,3.0,0.987169670570821,0.0,malware
malware_d335f22545505783e473b42259253d36.json,312.0,0.1607,0.5357,3.0,0.9876985316770628,0.0,malware
malware_d0d765731a30dc7d68ab339d144e946f.json,309.0,0.1606,0.5353,3.0,0.9882363542945328,0.0,malware
malware_cd07b48e5ba86570c123e93461cd78db.json,303.0,0.1604,0.5346,3.0,0.9893398434248292,0.0,malware
malware_b469d12d7307f9a6b369d4f7301a6c4b.json,300.0,0.1603,0.5342,3.0,0.9899060116098558,0.0,malware
malware_ad24048dcb0acf80b1daeecd7274bdb1.json,297.0,0.1602,0.5339,3.0,0.9904821454740496,0.0,malware
malware_aa2be7fd72752dffa89fb903cb70392e.json,294.0,0.16,0.5335,3.0,0.9910685197390257,0.0,malware
malware_a7d26deb2f8af2465df8735111eee8bc.json,291.0,0.1599,0.5331,3.0,0.9916654195067154,0.0,malware
malware_02af2eef6bef09822756db10f8fcc6e15f6bd034bb1cadd3fbf1737bcf0604db (2).json,11.0,0.1598,0.3197,3.0,1.3092966682370035,0.0,malware
malware_a581038a69cfa035ab45244c92b61fe0.json,285.0,0.1597,0.5323,3.0,0.9928919908933068,0.0,malware
malware_a2603254188da3d67e4da5452e0304a9.json,282.0,0.1596,0.5319,3.0,0.9935222892736016,0.0,malware
malware_a063292d8667cf3d83ff9365dfb8650a.json,279.0,0.1594,0.5315,3.0,0.994164367836718,0.0,malware
malware_9639430c8d83e94a2deae6c14cd4fae0.json,276.0,0.1593,0.5311,3.0,0.9948185717187216,0.0,malware
malware_8ce42ae8f1206130aeadaa7cad062aca.json,270.0,0.1591,0.5303,3.0,0.9961648060501213,0.0,malware
malware_812a7218cfdaed1dba29b7d3b1b54f8b.json,267.0,0.159,0.5299,3.0,0.996857599019352,0.0,malware
malware_762138e933a681628ceab29d8e5a96a2.json,264.0,0.1588,0.5295,3.0,0.9975640439089022,0.0,malware
malware_75917cec7507075e6a2128a18db08cfe.json,261.0,0.1587,0.529,3.0,0.9982845627947706,0.0,malware
malware_71b71397622bf9e0b97fdeaec3771b18.json,258.0,0.1586,0.5286,3.0,0.999019595666365,0.0,malware
malware_6cf17ea9a7f688c8ac3f953d4cee6795.json,252.0,0.1583,0.5277,3.0,1.0005350587874255,0.0,malware
malware_66461af2d3c3b018adef6dc451e59802.json,249.0,0.1582,0.5273,3.0,1.0013164676575907,0.0,malware
malware_6349462efbe6ccf4290d4c19dd740cd7.json,246.0,0.158,0.5268,3.0,1.002114350041975,0.0,malware
malware_62271d750449e39024b0db039a53dc98.json,243.0,0.1579,0.5264,3.0,1.0029292514447503,0.0,malware
malware_5cfeb9dabe032761ac0b5e671cc5ebab.json,240.0,0.1578,0.5259,3.0,1.0037617421912817,0.0,malware
malware_5b912cc0f36095ab2f32d95e91b55be7.json,234.0,0.1575,0.525,3.0,1.0054819058967135,0.0,malware
malware_592ef26fa2ffc5495fa0f5c812bdfeee.json,230.0,0.157,0.5232,3.0,0.9823271245742125,0.0,malware
malware_5810c236c795c7236110fd32930de6d9.json,227.0,0.1568,0.5228,3.0,0.9830057323941168,0.0,malware
malware_4fd58e60c95708660cd35aa90f733248.json,224.0,0.1567,0.5223,3.0,0.9837002471931984,0.0,malware
malware_4bd33ba8957168dccbeadbbea45c6843.json,221.0,0.1565,0.5217,3.0,0.9844112544379304,0.0,malware
malware_456d061745137912b5c7972bb1883d68.json,215.0,0.1562,0.5207,3.0,0.985885238173194,0.0,malware
malware_3fbad2e5b4721effbeb4ceb6c3690f5d.json,212.0,0.1561,0.5202,3.0,0.986649541551676,0.0,malware
malware_3c3acd059acf29b49519c09e7a01b3c6.json,209.0,0.1559,0.5196,3.0,0.9874329954632703,0.0,malware
malware_3b785b799471bf424f240deb674a2097.json,203.0,0.1556,0.5186,3.0,0.9890604133328992,0.0,malware
malware_3ac34928fdc36c9f3e4dca61ab75c691.json,200.0,0.1554,0.518,3.0,0.9899060116098558,0.0,malware
malware_2c842964263a743ae570040a594cbb90781697bc71d0343e9434b1498c109e42.json,4.0,0.1553,0.3107,4.0,2.0,0.0,malware
malware_2645c491301fd04ef182e6ef93afbdb4ff8a17986274499ff056b6848220f5d9.json,13.0,0.1552,0.3103,3.0,1.198183947911799,0.0,malware
malware_2c7b372254730bfa366e4759db34812c.json,197.0,0.1552,0.5174,3.0,0.9907740349865864,0.0,malware
malware_2a8d8e633510dbe3c419b593ddf2be6d.json,194.0,0.1551,0.5169,3.0,0.9916654195067154,0.0,malware
malware_28ec3aacbb81f7e0ca51e2374fccb09c.json,191.0,0.1549,0.5163,3.0,0.9925811550436846,0.0,malware
malware_25ca0d7522236b3fb7e3ce93fc9d5a13.json,185.0,0.1545,0.5151,3.0,0.9944899320081598,0.0,malware
malware_25675b6dfed1491e0e5b411826fe8772.json,182.0,0.1543,0.5145,3.0,0.9954852599265352,0.0,malware
malware_244c982e91b55edd55fab1c96c392211.json,179.0,0.1542,0.5139,3.0,0.9965095217500336,0.0,malware
malware_237d0253fea2a777798360175fd941e9.json,176.0,0.154,0.5132,3.0,0.9975640439089022,0.0,malware
malware_2283b78067b8e8cc2d6c88994a703528.json,173.0,0.1538,0.5126,3.0,0.9986502367571246,0.0,malware
malware_7b9af6586d1711150149b324cd5043bd.json,5.0,0.1538,0.3077,4.0,1.9219280948873625,0.0,malware
malware_222d9bfc7496d48240d0d176c70e2835.json,170.0,0.1536,0.5119,3.0,0.9997696013984224,0.0,malware
malware_217ee4263881095922de50e6fde1746e.json,164.0,0.1532,0.5106,3.0,1.002114350041975,0.0,malware
malware_1ef20d8e75b9706d1597d58022a1e7c3.json,161.0,0.153,0.5099,3.0,1.0033432614963025,0.0,malware
malware_285fa49aae48ed43cf8ebe0337f1516fc11947c14418523faeb1a3fd5b991224.json,9.0,0.1529,0.3058,3.0,0.9864267287308426,0.0,malware
malware_1d342362aa5deb2d3c96294ef0a65cc0.json,154.0,0.152,0.5066,3.0,0.968857467177766,0.0,malware
malware_1c53e2c34d1219a2fae8fcf8ec872ac8.json,151.0,0.1517,0.5058,3.0,0.969673424979326,0.0,malware
malware_1b88ccb40cb03903680368f9bc9e5f6c.json,145.0,0.1513,0.5043,3.0,0.971394606540131,0.0,malware
malware_0ce6a7f59ce12d472e6949f14c142abe68b82b03c4360a65495faa2931aad52d.json,4.0,0.151,0.3019,3.0,1.5,0.0,malware
malware_1ad669a7c148352dbb5389a8238e8fa0.json,142.0,0.151,0.5035,3.0,0.9723032597402675,0.0,malware
malware_159378f47540a8dbdc99d0e4625e6e97.json,139.0,0.1508,0.5027,3.0,0.9732464688683438,0.0,malware
malware_153e99c5484c0fdfb4295f02f54dc6f8.json,136.0,0.1506,0.5019,3.0,0.9742263118054416,0.0,malware
malware_139e12d02ddc75fdc8a4c90cc063f2f9.json,133.0,0.1503,0.501,3.0,0.9752450395604134,0.0,malware
malware_130a8a08dc6ac74fe7f7d70ee3c629b7.json,130.0,0.1501,0.5002,3.0,0.9763050949009882,0.0,malware
malware_2952e10303789890652d8db6ca246feb868625b8f2f79cdca885a223d38c696b.json,6.0,0.1497,0.2995,3.0,1.2516291673878228,0.1666666666666666,malware
malware_12fb8804389e7496ff5a56e2134ccf5e.json,124.0,0.1495,0.4984,3.0,0.978560047741518,0.0,malware
malware_12d31f8b0dc89a3b196b56ce7ac23b89.json,121.0,0.1492,0.4975,3.0,0.9797609944110948,0.0,malware
malware_12c2978db3aa04ad7e5ea2b98c56ba00.json,118.0,0.1489,0.4965,3.0,0.9810154255746968,0.0,malware
malware_1251255ee2432e5606f2061f98334eb1.json,115.0,0.1487,0.4955,3.0,0.9823271245742125,0.0,malware
malware_112026eab375721007691178dd94740b.json,109.0,0.148,0.4934,3.0,0.9851393692194056,0.0,malware
malware_e8869bcf65f380cc49973893ee50e845aabb8012e1bcae3673f6c5456d51c9d5.json,5.0,0.1479,0.2957,3.0,1.5219280948873626,0.0,malware
malware_1106d451a2330cb89f130543cfd26103.json,106.0,0.1474,0.4913,3.0,0.986649541551676,0.0,malware
malware_10672a166c8301cc9e0ddebf3ed91fbe.json,103.0,0.1467,0.4891,3.0,0.9882363542945328,0.0,malware
malware_1046b8a9498edb5ee6f175d752ec9c32.json,100.0,0.1461,0.4869,3.0,0.9899060116098558,0.0,malware
malware_102b4f0f42a267ad9354ea104e787241.json,97.0,0.1454,0.4846,3.0,0.9916654195067154,0.0,malware
malware_1239cff924f840aa64ec4e10da1e3e175fd919f5caa6784fd0944e4cac69d714.json,5.0,0.1447,0.2893,3.0,1.370950594454669,0.0,malware
malware_7cd86d83d916dbd9b04d0e7e4f9ff6e8.json,6.0,0.1447,0.2895,3.0,1.459147917027245,0.0,malware
malware_303aeaabc9d82998a511e314e8801f09cfee105b8010bf67876dcd67f1d6a6dc.json,51.0,0.1445,0.4818,5.0,1.608306073390515,0.0,malware
malware_0f52bf7d7b6cf39cbe438b141372e923.json,91.0,0.1439,0.4798,3.0,0.9954852599265352,0.0,malware
malware_2b5970e12186d09cd7e5033c1481cf4b0d7e8f713fbc57fba096c4bcb36970a7.json,9.0,0.1439,0.2879,3.0,0.9864267287308426,0.0,malware
malware_03e8e080616cc50e06ddfea24aed0623.json,11.0,0.1436,0.2872,2.0,0.94566030460064,0.0,malware
malware_0f3ae8be97f2089d7173bc4e60f46fb9.json,88.0,0.1432,0.4773,3.0,0.9975640439089022,0.0,malware
malware_0e20e797d2bba903ff61bf2e78b8e298.json,85.0,0.1424,0.4747,3.0,0.9997696013984224,0.0,malware
malware_016fb420aa291325e8dfd72c55d8c832.json,8.0,0.142,0.284,3.0,1.2987949406953987,0.0,malware
malware_0df8e91d4ee84180099a26d97cf5baf4.json,82.0,0.1416,0.4721,3.0,1.002114350041975,0.0,malware
malware_4b31f34b3822df65fb9b0118e1cbb57b8922736a6dce9a8abcedbbe79f0bb9ed.json,53.0,0.141,0.6714,8.0,1.970950351190298,0.0,malware
malware_0d9f9a88a564bfcfa2e54b504d6562f9.json,79.0,0.1408,0.4693,3.0,1.00461241887324,0.0,malware
malware_299bf67e18dfb964a872156e6446aff62bed2837f6a1db67dbd2d924e47eafb4.json,7.0,0.1407,0.2815,3.0,1.1488348542809168,0.0,malware
malware_298b2da7ca80f0e9d86344e94f510c998c58f86e5e02153a3d1ca2c3f9cfc5b1.json,4.0,0.1398,0.2795,3.0,1.5,0.0,malware
malware_255e30c6027eb48f8953ef92344f705603152b0bdd7ea3d7200fa40f8ca92f00.json,5.0,0.1392,0.2784,3.0,1.370950594454669,0.0,malware
malware_0d33685eff9b6df4e87d799689e99a32.json,73.0,0.139,0.4634,3.0,1.0101355170728494,0.0,malware
malware_0d2fea2cb40b41e9d568f4ac986ea139.json,70.0,0.1381,0.4603,3.0,1.0132005174030536,0.0,malware
malware_0bccdcc7d63f0754e9e66c806e8e9203.json,67.0,0.1371,0.4571,3.0,1.0164998347852108,0.0,malware
malware_0b31b97d9ce3b891c7d5b145693e63fe.json,64.0,0.1361,0.4537,3.0,1.020062536952158,0.0,malware
malware_007556ca146f4b2e9ac6bd51dc66be5130538d514f5aa04d60c1a0b079585ef3.json,5.0,0.1355,0.271,3.0,1.370950594454669,0.0,malware
malware_0b2f0c2ddf4a6a1101036286d75709f8.json,58.0,0.1339,0.4465,3.0,1.028121197433014,0.0,malware
malware_0a5d73b773d6360b5660a368cd39c6ce.json,55.0,0.1328,0.4426,3.0,1.032706075744935,0.0,malware
malware_0fb48dda4462519bb762930c82248b56.json,144.0,0.1326,0.6314,7.0,1.7991730649456534,0.0,malware
malware_09eb9b6b2daa7df06261bdc7a2094271.json,52.0,0.1316,0.4385,3.0,1.0377357776840286,0.0,malware
malware_08fc87495bb335263373d85df13403ab.json,49.0,0.1303,0.4342,3.0,1.043281272686637,0.0,malware
malware_08634da89ce3e70a81bdf128b998a89e.json,46.0,0.1289,0.4296,3.0,1.0494298516573752,0.0,malware
malware_0835840a0dd592d5bb4dbb24c4b5bd0c.json,40.0,0.1258,0.4195,3.0,1.0639993696997976,0.0,malware
malware_078f2f3bc9629b930cec5c7cd21a2e53.json,37.0,0.1242,0.4139,3.0,1.0727330946570142,0.0,malware
malware_080a8705a28040f3aaa86f5ab9225ca26223ff1b82b6625236a9026e14311375.json,3.0,0.1229,0.2457,3.0,1.584962500721156,0.0,malware
malware_073a2f2d51c7dc00eb21e27cb8fa80f3.json,34.0,0.1223,0.4078,3.0,1.0827203878670804,0.0,malware
malware_0647e7667203a2a9e1858a6e9f49e98b.json,28.0,0.1182,0.3941,3.0,1.1077843849525173,0.0,malware
malware_064490ecaa3cf7790fdf49c0016f7bfb.json,25.0,0.1159,0.3862,3.0,1.1238561897747248,0.0,malware
malware_0076a7acfa0d6fbcdf0dac7eee15d4ab3659972dfe554092dfaba1f246f7d6f0 (2).json,79.0,0.1158,0.386,2.0,0.0979405827181741,0.0,malware
malware_309a8a671f1046d7ea90a8726dd0256adc0147df1cd12d708b4a5e7d29de08f9.json,3.0,0.1156,0.2312,3.0,1.584962500721156,0.0,malware
malware_0639a74f508591f99a7d2309f5825fea.json,22.0,0.1132,0.3773,3.0,1.143320102127766,0.0,malware
malware_04f62de93dae091e1c94832234263db9.json,19.0,0.1102,0.3673,3.0,1.167436723286701,0.0,malware
malware_33e85fd82361c3b59ed1e221c668844d.json,10.0,0.1066,0.2132,1.0,0.0,0.0,malware
malware_5ace49f9f1a70b915a7e469289558c303f51ceeabf9ed6bdb5dc6818743a64ce.json,10.0,0.1002,0.2505,2.0,0.4689955935892811,0.0,malware
malware_283a2de1a3d6dd52fe8f2437b3e49d1e2a22d9e2f8baf06cb08875a7f96e3c26.json,12.0,0.0955,0.2388,2.0,0.4138168503036338,0.0,malware
malware_025e50ea6f99b5bcd7bd54dc234c205ece5fa94b09119c53318cfc00991afcdd (3).json,35.0,0.0931,0.3104,2.0,0.3159971329784247,0.0,malware
malware_002ca15a26a80f025a45041df9bee5120653393c5ca41bdaca5f79ddda6d2731 (2).json,16.0,0.088,0.2935,2.0,0.6962122601251458,0.0,malware
malware_155ebad96e31d9092f466e01ff6b1a3133232f72be89278fab2b34a6ff9036df.json,15.0,0.0832,0.2772,2.0,0.9967916319816368,0.0,malware
